t_start_ms,t_end_ms,x_mean,x_std,x_var,x_skew,x_kurt,x_p2p,x_sma,x_energy,x_zcr,y_mean,y_std,y_var,y_skew,y_kurt,y_p2p,y_sma,y_energy,y_zcr,z_mean,z_std,z_var,z_skew,z_kurt,z_p2p,z_sma,z_energy,z_zcr,mag_mean,mag_std,mag_var,mag_skew,mag_kurt,mag_p2p,mag_sma,mag_energy,mag_zcr,y_dom_freq,y_dom_power,y_spec_centroid,y_spec_entropy,y_band05_1,y_band1_3,mag_dom_freq,mag_dom_power,mag_spec_centroid,mag_spec_entropy,mag_band05_1,mag_band1_3,label
1008,5999,-0.7592770464519248,-3.080834248435102,-2.805941998634161,0.8192080739643047,5.848984058914919,1.0230964792180017,-4.395777198999584,-2.9159915433676407,0.7367883968431196,-0.7686067583474365,-2.031284439384465,-1.7850777890552105,-1.6612282944484185,2.780318135981272,-0.29190323887789493,-2.684637988982409,-1.8048365247103073,3.7008012319131156,-0.5992461065553186,-3.706283022126234,-2.9811352335700647,0.4601384191499942,3.6960866165091892,-1.313350945745418,-4.304435205798323,-3.0057667512580526,-0.5997601434194296,-5.454274899846406,3.2701483667422484,3.5759632431501887,3.323797722590549,1.4804480677228204,1.8417223245876773,-5.454274899846406,-3.8651147544321125,0.0,0.648885684515946,-0.7485829968101723,1.8628187309828246,2.6511809627614182,-1.9171720750407315,-0.8185029529708363,0.0,-1.5598782935059068,4.37546213151753,4.000765862126322,-1.2106865895808112,-0.9177110243222988,backstroke
3509,8503,-0.7649390189316853,0.8143358114853746,0.8346297481916681,1.0383747472399365,0.5551434853161008,1.8905583310849505,-0.030247628862920227,0.8377217564015877,0.7367883968431196,-0.26544468212960876,0.8303697385606066,0.7876163509068521,-0.5204157428911697,-0.3630377437059634,0.6862455198968489,0.4530649607355804,0.7676454047209873,0.6497589949160427,-0.7654421038614434,-0.43520169799752145,-0.5023103880457679,1.0958645360605936,3.1414834938526264,2.767534999143399,-1.4066867201612174,-0.5150131904743799,-0.5997601434194296,-0.17618494880540175,3.4520089848952202,3.8248306552234874,-0.8778865723596073,-1.7263701009912806,2.2941312635846516,-0.17618494880540175,0.796185307661543,0.0,0.648885684515946,-0.28738519429173115,0.5443466491581554,0.11121925196518742,1.8839596920893042,2.5248781250742582,0.0,-1.6519624196234184,1.8866015551876176,1.5098652053110244,1.290759027606788,1.3772561564787262,backstroke
6009,11003,0.374342446935665,1.3023760042068804,1.3950064508381386,0.48940444266261,-0.08941235346499143,1.8905583310849505,1.0509395153384342,1.398191166362995,0.7367883968431196,-0.08174434525518083,1.314919901777793,1.3202662964229488,-0.10619183647258586,-1.147585044572525,-0.09787171677657687,1.5816212435320178,1.3013751052680795,-0.8757621235824944,0.54723905941849,0.06916721322064141,0.005620976082291248,0.9639166438703921,2.00976641456564,2.767534999143399,-0.6317688464930995,-0.013677800366057927,1.0195922438130223,1.2734096693132348,0.32658838116017214,0.22093882681040702,0.06853385105893998,0.282178294932652,1.861540595689923,1.2734096693132348,1.5653274267892179,0.0,0.648885684515946,-0.19984623858051098,1.4909277379861252,0.747046203421059,-0.5524775270021772,1.8602802798578895,0.0,-0.7365765795839497,1.0746875223191898,0.9309082278186556,2.621893477755033,1.0296507140431403,backstroke
8513,13506,1.2434486981196764,0.5612450000615924,0.5531661364734678,0.2660614696348358,-0.30887309004606583,0.34156557901046936,0.7022559986327671,0.6011175171840202,0.7367883968431196,0.04637140287332042,0.09904675434224319,0.036908454181755146,-0.7842787688817514,-1.3174902705795848,-0.7930248930481262,0.49403216820126045,0.011186129887127227,-0.11300156433322649,1.3451761182154416,-0.3323533669979073,-0.4014620524491351,1.2482581688129142,-0.26469993230886685,0.08510519164614526,-0.3092680258882122,-0.37981618811104956,1.0195922438130223,0.5190421585820562,-0.48004597522502573,-0.47712838611793346,-1.866509189599509,-0.16442006125302555,-0.3483115414999459,0.5190421585820562,0.43234212840309777,0.0,0.648885684515946,-0.1105205455332375,0.4173320624818939,-0.0988877902335392,-0.051721840242839816,-0.5408118896646252,0.0,-0.347623304252245,0.9695011549677374,0.27249271889198734,-0.15385645262261283,1.135531683521623,backstroke
11013,16006,1.07242852325887,0.569982795412537,0.5627794468150421,-0.33900668462659905,-0.21245459539195194,0.7641412455058834,0.7389871002716469,0.5913434677053286,0.7367883968431196,0.91443004444264,0.6758890567306666,0.623708328635314,-0.32582283282463415,-0.4296632455417396,1.322221551313126,0.6619410555636356,0.6225083620547175,-0.11300156433322649,1.2792678947277207,-0.5343720135600847,-0.5982295265501927,1.0458397152742678,-0.039097302929558146,0.08510519164614526,-0.5977916046488256,-0.5818278488921128,1.0195922438130223,0.6453411916131402,-0.7738686084832579,-0.7077479916139144,-1.1654229635215478,0.8055352439189892,-0.001080209119219906,0.6453411916131402,0.5226609677644309,0.0,0.648885684515946,-1.3716387298586856,-0.35970238880582334,0.3772638797571651,1.154999196416506,0.35917889977157463,0.0,-0.4257843070214109,-0.10635419268785042,-0.025410323696579508,0.3354462545765031,0.5066989816201227,backstroke
13516,18509,0.46765437120153674,0.9900805482239217,1.0337487297710501,-0.5394380588665284,-0.22875897106858167,0.24632662130777336,0.981619683374337,1.0298670340940768,0.7367883968431196,0.4985883933100351,1.4905474949673938,1.5202662953735422,-0.2716766067645668,-0.23285097320991674,1.6588408553562421,1.2304791188874349,1.508572371473005,-0.11300156433322649,0.5916246661608556,0.6418846572554345,0.6231104648372929,-1.4401074629768662,1.6942651053536655,1.3982134035806677,0.3720692203499733,0.6066294200543472,1.0195922438130223,1.2564407349122084,-0.009927944209007793,-0.08185948036083504,1.3471655569114978,1.9775962690758062,1.0910916886112967,1.2564407349122084,1.4604421300072716,0.0,0.648885684515946,0.8500405342409019,0.38212646216590024,-0.6639712122710729,1.400294930287784,1.8616776524578607,0.0,-1.2378802186897746,0.8844144435353718,1.1058104704668783,1.4475690061873332,1.6532134372571328,backstroke
16016,21009,0.414626881071617,1.030187841768056,1.079612179641562,-0.9657475220953424,0.24353064007107542,1.076739009043936,0.713589704124773,1.0747058273589245,0.7367883968431196,0.7720429839152817,0.6337014638125051,0.5794427015127036,-1.1065608972439227,-0.4697740581350424,1.1199421422845661,0.7067260702030352,0.5718087892841645,-0.11300156433322649,-0.13323391849533103,1.5435450179782069,1.6830269658471995,-1.0327343956696202,0.22796920506261534,1.3214184445640045,1.6981369619346183,1.6596886217223448,-0.5997601434194296,1.120861440872627,1.0062546289916097,0.8830358459109496,1.2609842113316092,0.04084127405653754,0.8886900326321302,1.120861440872627,1.5519109675964875,0.0,0.648885684515946,1.687105011969652,0.5259324717349061,-1.2507676182627212,-0.865850477641568,0.10929216285781312,0.0,-1.006874109450824,0.651041187049425,0.957735736686952,1.9619331896445853,1.4716251115828918,backstroke
18519,23513,0.5525615637026745,1.0863701236595087,1.1441212852239304,0.1483811987734171,0.09804792483731804,2.0578354770469467,0.7250135127979191,1.1481363856209128,0.7367883968431196,0.21924776712544616,0.17012577793870085,0.10706319020791605,-1.089357322323665,-1.0408013692053422,-1.1443378174545127,0.23836849856431258,0.08286128310384841,-0.8757621235824944,-0.6741722324636017,0.27189840140922256,0.21924845119582584,-0.09743244167775446,-0.5275159657253503,0.10374779087674965,0.5097748023710891,0.2045739742823174,-0.5997601434194296,0.7840230696737691,0.8844494694950007,0.7594078372015264,0.016166662489511322,-0.994863889449982,0.26686076582228213,0.7840230696737691,1.095681465777981,0.0,0.648885684515946,-0.3993772593937455,-1.2628336340660806,-1.8139693542364042,1.5934926908097407,-0.6492712593491723,0.0,-0.44825493278711837,0.2972747213527022,0.4617304887599776,2.098314106992933,-0.03795812031609826,backstroke
21019,26013,0.32022998226866817,1.6801134228539554,1.8446670140245722,1.9870999605994237,-0.8180621402003375,0.8275020435977294,1.7411589746861988,1.8597713081311724,-1.3572417836583839,-0.6008116280686114,0.3026558464616469,0.239484677801447,-0.5526674833713685,-0.48551202964041834,-0.02999160870003882,0.15803748387491454,0.2242720637985798,0.6497589949160427,-0.5839247181841386,-1.2409366693862844,-1.2440436593448188,-0.24654684083214548,0.46195335807252136,-0.3252787621492143,-1.10901013161592,-1.2651979317487194,1.0195922438130223,1.2552200696619003,-0.43332346796252375,-0.43929205950611366,-1.9798091355599214,0.20823752177865845,-0.5449275028038121,1.2552200696619003,1.3608148793163402,0.0,0.648885684515946,-0.828790646684426,0.45627839722929164,0.6872795359539942,-0.9384520912654483,-0.9513187655448121,0.0,0.7768666763675747,-0.450155613520195,-0.3997721930037425,1.4359405971412929,-0.6988680405009371,backstroke
23523,28516,-0.5470712611851851,1.6569014973253653,1.8166344330648543,1.8360998987459693,-0.8456375066763513,0.7118486576023653,1.831896675038901,1.8371762529566085,-1.3572417836583839,-0.9573042312214675,-0.16517504518051207,-0.2185758678924429,-0.41136717789759486,-0.1662566007999616,0.37970128051822033,-0.19218559251921055,-0.22167831851732528,2.17528011341458,-0.5177687515524144,-1.9912378414048386,-1.8576658005812487,0.8024278586584557,-0.8875414491618941,-2.145762002925569,-1.734938713188971,-1.8822329117764567,2.638944631045477,1.0112493137629108,-0.3930395930857845,-0.40641336331097944,-1.787146062610457,0.5423093051362967,-0.3005722617193349,1.0112493137629108,1.0594649900089488,0.0,0.648885684515946,0.9781366601557243,0.5394862022647363,-0.6198602530873073,-0.3409169584129091,0.9115757617985223,0.0,-0.10631692634531574,0.014418351908552802,-0.025625703159050002,2.108300270271042,0.493677290757526,backstroke
26023,31016,-1.1497219859310936,0.8299762602538729,0.85222837643554,0.6883217411948054,-0.5850331084373949,-0.29014961158836056,0.7954452667677034,0.8899189903741691,0.7367883968431196,-0.9163069824357151,1.0144282483421128,0.9866360321342085,-0.277261240243014,-0.8415114738539777,0.21548574811519947,1.0304495846807522,0.9878095012462601,0.6497589949160427,-0.9074545703365999,-0.9012144546935025,-0.9417587858432415,1.1044617853530239,-1.2089760658172128,-1.3749297979970332,-0.5797999037395842,-0.9489129477250277,2.638944631045477,0.6752184004238029,0.18849203783056465,0.09467460175147091,-0.9140257447936833,-0.32876355373847377,-0.3005722617193349,0.6752184004238029,0.7793701145674471,0.0,0.648885684515946,-0.03496796400143192,-0.04011404073979336,-0.9560265419206648,1.398785226947269,-0.11952917068292795,0.0,1.0452120230316564,-0.32872460337483916,-0.5881241480059571,0.6515113390470185,-0.13210834700282242,backstroke
28526,33519,-1.1753023072914843,0.4429375995120821,0.4237368847050718,-0.0013116715228468935,-0.38022395034918177,0.2874613387272049,0.3919648796184736,0.45092639261070044,0.7367883968431196,0.06863201502517656,2.9079509689200345,3.2694886419031755,-0.1010735893649861,-1.2943341759377114,1.6487906378226012,3.072918880995401,3.260668866439346,-0.8757621235824944,-0.3309081759680889,-0.685374432833995,-0.7417874184474119,1.5745735751697743,-1.3026077248143288,-1.3749297979970332,-0.20963733356392722,-0.768163665483668,1.0195922438130223,0.8981583638342281,0.015259272602296751,-0.05976966667134512,-0.38691738529770947,0.9730532131672709,0.9982064516203207,0.8981583638342281,1.0127498124746923,0.0,0.648885684515946,2.149678912823397,-0.5885180310975185,-2.314541328977006,1.597945744998515,-0.47425280244385515,0.0,1.4425011963196779,-0.515140392482502,-0.9782143843033231,-0.975696334441718,1.0015790678046443,backstroke
31026,36019,-1.202002552961685,0.18669798401957596,0.14808519521056696,0.3245956308865712,-0.40146572189425395,0.4545047929452144,0.19641090101848427,0.16969539003783515,0.7367883968431196,1.6020486685408621,1.6648808383282874,1.7224433873956182,-0.054615348036072195,-0.39667791612346553,1.6487906378226012,1.5120437957325648,1.7717411530019869,-0.11300156433322649,0.09736765297719449,-0.7563155928456093,-0.8081916139188945,1.5912750721601743,-1.402889227965649,-1.6899679547824775,-0.24332376348750062,-0.8374330043235497,-0.5997601434194296,0.4252108384280365,-0.26164348602877624,-0.2975207021463262,-0.09735574019935991,1.6180233148354872,0.9982064516203207,0.4252108384280365,0.368562691851185,0.0,0.648885684515946,-0.6453229090518352,-0.31620782685429816,-0.6219534714635071,1.098304031940717,0.9297644234727981,0.0,1.4578914063657407,-0.757734238091715,-1.117459460499852,-1.2751921853729458,0.42572720314130136,backstroke
33529,38523,-1.0935351054842126,-0.3573622914260097,-0.4159754166267002,0.671470074530246,-0.5962438960550833,-0.5661868012305115,-0.17161764923346845,-0.42342164660771586,-1.3572417836583839,-0.20089558771285382,-0.017851621970566584,-0.07715483266326376,0.6710468987360425,0.1303832266484846,0.258327573883939,0.04205733646803366,-0.10242633524180923,0.6497589949160427,-0.19998155028119183,-0.3971801502203237,-0.4651909421630687,0.09666632103919291,-0.34541530010622795,0.09087390918928472,-0.22066261557999195,-0.4928404291391602,-2.219112530651883,-0.2510464289947733,-0.7935458044118607,-0.7227411726482896,-0.47320596635376216,-1.3783474063233463,-1.3961792060348115,-0.2510464289947733,-0.5363808765566969,0.0,-1.541103500725368,-0.4372830123325558,-0.6325143654527018,-0.15852069388935794,0.6390761245093783,-0.21124614382929802,0.0,0.8722433938020173,-1.1565895521868286,-1.227372832547687,-1.5881410740142936,-1.011832333234652,backstroke
36029,41023,0.5316783607214206,-0.7744548925673091,-0.8288666878912728,-0.5748480213034598,-0.13716510023891193,-0.7410275400822165,-0.5045826409776477,-0.8871200075937261,-1.3572417836583839,-1.9544593136123551,0.4355065966604632,0.3743363752150658,1.9453411263460352,1.8278364665868636,1.5781683443990313,0.4100289221423236,0.44991283663267595,-0.11300156433322649,1.0405973066985954,-0.6226127680458163,-0.6824855883916073,-1.573499315711936,1.436533255684943,0.08025170600140548,-0.7386066594814233,-0.6816249429060548,-0.5997601434194296,-0.5498236473185034,-0.7472486901113531,-0.6873745846847837,-0.33528245299887555,-1.5548540821395116,-1.3032211189019065,-0.5498236473185034,-0.8601233858011517,0.0,-1.541103500725368,-0.8011968295350655,-0.06380653247573266,0.8697889389337876,1.561213725780244,0.2351686068616144,0.0,-1.02572794931653,-0.3275205268840314,-0.31869741267274565,-1.355176775847979,-0.522542386224247,backstroke
38533,43525,2.326334522534024,-2.337367691980559,-2.22524687716745,-2.253250882069909,2.026686771392617,-0.9656869515254454,-2.0419202540409103,-2.0733482665786958,-1.3572417836583839,0.7692495755182815,1.607984454984852,1.6560599175948856,2.0364286172685966,1.6171897919695681,1.487825069826105,0.9049662394392681,1.6539237201146182,-1.638522682831763,0.7891253418803412,-1.2231894929625173,-1.2286294796762105,-1.3412614616230094,1.2906522551741573,0.07237684720652471,-1.2597886902016415,-1.2417805154870132,-0.5997601434194296,-1.548293668868576,-0.09282456487023101,-0.15390634287939484,-0.9735319321952269,-1.156452358299804,-0.7761725325536053,-1.548293668868576,-1.762166101002097,0.0,-1.541103500725368,-0.929638406193223,-1.2961143143472063,0.33598137239164566,1.411351841219381,0.6116429729064368,0.0,-1.6481621035505165,0.37124787027436745,0.8058351648364972,-0.36373257932586733,-0.30994036853888207,backstroke
41033,46025,1.6470499862190835,-0.4333424304992387,-0.49245311238464773,-1.3539072581177536,1.910499446403646,1.7475763954080437,-0.8675520889159508,-0.41926642886243026,-1.3572417836583839,1.5022486347698283,0.9179361083543667,0.8817949087024936,0.6624139899740865,1.1536869041078868,1.329500432399,0.6287989553842496,0.9186917868690234,-0.8757621235824944,0.3084899192486433,-0.08195287940413816,-0.150090966711658,-0.034604875306845057,0.011765844060102532,-0.2623014260562046,-0.2170484491379295,-0.17542855583577824,-0.5997601434194296,-0.4323623086394936,1.3910602598257342,1.2878631874792879,0.250869544246059,0.5227146418709978,1.5253262498081406,-0.4323623086394936,-0.18822406188287155,0.0,-1.541103500725368,-2.1307499810532127,0.41476772342919027,2.573686466972802,-1.3165607224278277,0.786909099259654,0.0,-1.624105779798363,2.003584805557802,2.408898686188092,-0.6160834730898492,2.1231351153051965,backstroke
43535,48528,-0.9761593137384332,0.86916351918033,0.8964265607663116,1.1507547563091538,0.12629746404935246,1.7475763954080437,0.25619547769101564,0.9183611976975032,0.7367883968431196,-0.5079840347608169,-0.8406136702688803,-0.8336979236744859,-1.5815528831426384,-1.0294393034769336,-1.6664553293196538,-0.5937977777765644,-0.8571935098587184,-0.11300156433322649,-0.45884783648183447,0.8224068354596059,0.8267223786958798,1.030522161185571,-0.5588719867380322,-0.08913079043998438,0.8039120549550702,0.8067162624960499,-0.5997601434194296,0.19068754224076662,2.325513009310132,2.361131029347243,-1.0604226432465211,-0.8511129335982994,1.8005922415874294,0.19068754224076662,0.8192972938846773,0.0,0.648885684515946,0.537195656054808,1.3689947934271156,0.06668593911870423,-0.8980438164224537,0.4963537834968827,0.0,0.16921110102826126,0.026652529438656397,-0.10743427971755472,1.0733305317478552,0.6928459602962144,backstroke
46035,51028,-1.5088719845002474,0.2854946460597308,0.2536085044813276,0.5959822170927114,5.8591535121670745e-05,0.8587068169772786,-0.20355261426459095,0.31740401457961115,-1.3572417836583839,-0.9892061642190726,-0.8601278786817442,-0.8506579720377095,-1.549640625150843,-0.6182800537432791,-0.860326127461153,-0.679745668883747,-0.8554344653496392,-0.8757621235824944,-1.400336701341413,-0.5557541591233327,-0.6187405013685817,1.293791846276176,-0.011721312149521233,-0.08913079043998438,-0.49033879510687944,-0.5937484143800335,-0.5997601434194296,-0.5813379650825815,2.21038693961228,2.222001507663994,-0.618991034628805,-1.615107226944554,1.2532808879365667,-0.5813379650825815,-0.09659754005302443,0.0,-1.541103500725368,0.8816868352058927,-1.4530370377988333,-0.3785380970433151,-1.552029414161266,-0.7314883962962484,0.0,0.7143784631912744,1.9304367917840262,1.3142876417914842,-0.6914983642690566,1.6358771198346136,backstroke
48538,53531,-0.5300096873599285,0.9003214838066282,0.9316755351992662,-0.1964075070840793,-0.17643909462701016,0.8587068169772786,0.7357248127300747,0.9239883772371681,0.7367883968431196,0.31385589828192556,-0.3755709230895436,-0.4160385473346918,-1.3748223902787184,-0.23551036000382675,0.12567427612042598,-0.33289706540429315,-0.4416766672028995,0.6497589949160427,0.04627942218338058,-0.9709976467993612,-1.0050955528157104,0.14560947791675405,-0.8068285582960053,-1.7141273131528345,-0.7563752984977627,-1.034997198596753,1.0195922438130223,0.3006664440153931,0.5712285312782236,0.451468665137371,0.7360299346269374,0.2352655994580708,0.7971765640270787,0.3006664440153931,0.4253685644717905,0.0,0.648885684515946,-0.36409480089814206,0.6417744498491027,0.34546539510488306,-0.453917763463157,0.36972699574863443,0.0,1.0313744734271804,-0.5472698624085107,-0.7951918762195503,-0.6826346528290069,0.752935124613307,backstroke
51038,56031,-0.7246399477477,0.31012831647160255,0.2800675340696732,0.3944340257956567,-0.369179042259614,-0.056140148578901684,0.2635850610259017,0.2632429445924286,0.7367883968431196,0.9928432667073447,-0.7051196065691612,-0.7146814552961721,-0.711904355471488,-0.28143657077867096,-0.5369776354576477,-0.6144072181691276,-0.7189883970113813,0.6497589949160427,0.17991703299055314,-0.0776729573120776,-0.14572248989423126,-0.6697486100553869,-0.27113708097643097,-0.37467738546859214,-0.009972270733706486,-0.17280358124353515,-0.5997601434194296,0.12530662576202736,-0.2979315497297856,-0.32784642880467046,0.9848696884101615,0.48525320215214285,-0.16559986429800433,0.12530662576202736,0.004911052911137437,0.0,0.648885684515946,0.3275150171211272,0.09722249095788084,-0.7138259313710114,0.0071576983473701054,0.5349850982366908,0.0,0.80626392638305,-1.0244472201223733,-1.0301898404323806,0.24879533365524484,-1.2889105003968402,backstroke
53541,58533,-0.256414235849924,0.5370480936145083,0.5265835649773559,-0.18906224847008038,-0.11585772913108829,0.4363249000849074,0.4046794105283918,0.49699346404538663,0.7367883968431196,0.6736732279246266,0.660539720369129,0.6075782781698843,0.6040905638179351,0.6468366756506515,1.6848227586899496,0.47981761679279566,0.5964201261521758,-0.11300156433322649,-0.1451726842611559,-0.46003276300486906,-0.5264492688702993,-1.1246275348313086,0.24349972100200198,-0.37467738546859214,-0.5455843293662854,-0.5547554543753258,-0.5997601434194296,0.44808448736933054,-0.07460151950341687,-0.13815461112125044,0.8500279674580601,1.414656485946787,0.44331878004669445,0.44808448736933054,0.43976058496030157,0.0,0.648885684515946,2.148012778758354,-0.08474741535174087,-1.8182338466707522,-0.12116044977325668,-0.3668211681980045,0.0,0.9364873261345892,-0.9863490984925382,-1.0766213964179625,-0.0021192656967310764,-1.0963226647959048,backstroke
56041,61033,-0.08939455574290013,0.7723800394332937,0.7875388747381196,-0.3484787530927521,-0.27075824447316016,0.5820386716920095,0.771502576206464,0.7638598446530288,0.7367883968431196,0.00247522971726406,1.8237421358000991,1.9098448460386626,0.32468670704407065,-0.17773494629203127,1.6848227586899496,1.6648023202353885,1.8938337871121786,-0.11300156433322649,-0.1882577741580513,-0.35486331573231844,-0.4236536665588053,-1.1135334789178035,0.5659715331657502,-0.28607548194980337,-0.5254086547221253,-0.45133250559401733,1.0195922438130223,0.796625504971236,0.591799564450464,0.47125236168490797,-0.4770712338791669,1.0018902238772078,1.2797247106135992,0.796625504971236,1.032220410088849,0.0,0.648885684515946,0.5054394704403756,1.037420124191472,-0.4342856706744975,1.5776027265824029,3.941451597093642,0.0,0.36862217071928155,0.011674092500468821,-0.3053466886667226,-1.0435262044248017,1.0591194497099536,backstroke
58543,63533,0.08597314853133455,0.7894923238629799,0.8067248712263915,-0.429242244839283,-0.17693402777625733,0.8564511676664283,0.80189449075147,0.7842506782292252,0.7367883968431196,-0.5861772755541176,1.6992400733183222,1.7627194249307698,-0.17022921643401875,-0.8697005502655912,0.7334039852719495,1.7740186978377313,1.754988354514677,-0.11300156433322649,0.30036507776877575,0.301597811279973,0.2509998833373512,-0.42438539106278833,-0.11762385833581379,0.0041145806016643855,0.27824411836434176,0.2264426541127784,1.0195922438130223,0.9247374850272606,0.6258775135786465,0.5041622641483396,-0.4065908032321268,1.446400465300689,1.5993557192360452,0.9247374850272606,1.200673406742177,0.0,0.648885684515946,1.8845108941019957,-0.020695308111747527,-1.0840369331412993,0.3952598367384937,-0.15150473644056398,0.0,0.21656087998728457,1.0604420420960252,0.5050013937921649,0.4765430412823075,2.7351990879325108,backstroke
61043,66036,-0.01200251161530312,0.5283906572769759,0.5170864187081283,-0.7175899702687426,0.018042848384575393,0.8564511676664283,0.5109791714536325,0.48493616128426986,0.7367883968431196,-0.12506560421904558,1.044153443120242,1.0191577168907573,-0.400320239441757,-1.0291336238687723,0.217911240301852,1.3268825301343388,0.9989397286853076,-0.11300156433322649,0.532686066830351,-0.1099101099996965,-0.17856714967285264,0.2645658446276768,-0.32417375060264686,0.06511415404766534,-0.05557095598670441,-0.19872423256130695,1.0195922438130223,0.5538019092292743,0.17513358479904115,0.08260872780182033,0.94040227642938,2.3404664871050285,1.1659257938378547,0.5538019092292743,0.628010227199235,0.0,0.648885684515946,1.1251156560430189,0.6120049630136282,-0.4623787802767108,1.2118658542109628,1.8253012959399515,0.0,0.7364051627162355,-0.7846937839184074,-0.8514536896402888,-0.9294806393055659,-0.3069437272366617,backstroke
63546,68536,-0.5015312503259047,-0.2794384042850647,-0.33695687036442945,0.2636935009734541,-0.47402152139622755,-0.3007281102726696,-0.16076361102058354,-0.3852429656998372,0.7367883968431196,0.9455494136260729,0.036522283794725996,-0.024303080160989175,-1.17304290845478,-1.057877899601996,-0.006628156298754546,0.3558567196988343,-0.027383072602184647,-0.11300156433322649,-0.3179158837656638,0.006194559543981273,-0.05963161018982315,-0.12273689821636288,-0.08137594636263727,0.11845824476467105,-0.08096605830882372,-0.08467773108274375,-0.5997601434194296,-0.19755955161198038,-0.31778975691586925,-0.3443602439266959,0.1544215604356439,0.29141624461295657,0.19179036480201667,-0.19755955161198038,-0.37192258047054483,0.0,0.648885684515946,2.720628326952544,0.31562401037859794,-2.0582399885735003,-0.2696963730798732,-0.5739517933663186,0.0,0.5799220759404298,-0.26350037747272637,-0.4714450380293297,0.21254052594204886,-0.3599470973469186,backstroke
66046,71040,-0.3906063520046583,0.10863534934444592,0.06538033628938328,-0.13325594414508798,-0.32282695490249086,0.04097526090237995,0.1299360568670104,0.02519626782518889,0.7367883968431196,0.8733193391026915,-0.33973467138665936,-0.3827795231168723,-0.00906769117128767,-0.11655883649915862,0.05225937934877337,-0.37478426566615486,-0.3911221657230148,1.4125195541653106,-0.4318217478228874,-0.1083098240478127,-0.17693994335165975,0.052997079845024074,-0.4803670454738223,-0.4826356561939448,-0.05009888353484619,-0.1999063490171231,1.0195922438130223,0.03148395991391721,-0.4157095262877616,-0.4249452133340366,0.3119758019205106,-0.20102451441910268,-0.5715911206490902,0.03148395991391721,-0.1310098535270703,0.0,0.648885684515946,-0.504390712063524,0.5099452388615894,0.5402850475699271,-0.3031810454488693,-0.6317688320232063,0.0,0.63526730441367,-0.5759022170911624,-0.6299782970914544,-0.1912174904764459,-0.9481093582681321,backstroke
68550,73540,-0.4139293892596059,-0.09672869032536577,-0.1493600906626246,-0.5627559960739187,-0.33458506002655714,-0.603660176601566,0.06183123705918374,-0.1953765554445315,-1.3572417836583839,-0.3438931590883223,0.2655377381377611,0.20218504905896062,0.17699366112984846,0.30696446154883056,1.0499010014085537,0.08133528346460978,0.1804219763518901,0.6497589949160427,-0.7525869146005338,-0.3360248742464536,-0.4050862038705282,0.061984713455596065,-0.4881935615145542,-0.6812196795798742,-0.27828740095985016,-0.41810468792031175,-0.5997601434194296,-0.05258474565469026,-0.47880240831596016,-0.476125471761012,0.8615478656339356,-0.1859542385326229,-0.5715911206490902,-0.05258474565469026,-0.24221092304681877,0.0,0.648885684515946,-1.0380022561909052,-0.1231747821126559,0.2833409946078323,0.5320196542079122,0.5347678072594638,0.0,-0.47456654741094556,-0.6116378160562004,-0.25037875212212146,-0.6201453420248539,-0.9339658544971697,backstroke
71050,76043,-0.002948229488370877,0.03160477027688833,-0.015648954610176166,-0.6001513337180622,-0.3604325037547588,-0.6546317328918333,0.194967119549657,-0.06427128104073104,-1.3572417836583839,-2.265257016163834,0.3419984498191642,0.27919969455121385,0.0478201071015284,0.037895137155467884,1.0499010014085537,0.47226020252006284,0.38839389926654855,-0.8757621235824944,0.23030376359967883,-0.8968315173601705,-0.9377592735559752,-0.7870812064556105,0.04251861455121347,-1.2471105088738397,-0.8961447633098435,-0.9660754300790111,-0.5997601434194296,-0.06531814776516172,-0.32907898612025804,-0.35372248692961894,-0.02516211933718739,-0.010228701794980102,-0.48657833436844994,-0.06531814776516172,-0.22328406118138128,0.0,0.648885684515946,-0.17177736393770138,0.6723209579791333,0.04228780865773547,0.7682320171259611,1.2210191166998146,0.0,-0.9860232928807943,0.6456530653597728,0.7746322349924409,0.35262844802875715,0.32151237292415946,backstroke
73553,78543,0.8556732684937711,0.7933284879017488,0.8110298275959656,0.15939986377307552,-0.3223889579992141,0.705756149770594,0.8470196998512153,0.8263779047675284,0.7367883968431196,-1.5923107742434512,-0.12064792109952235,-0.17610659533389456,0.500665362644345,-0.02433117520665189,0.33613623865852515,0.06852980082253618,-0.136820744637829,-0.8757621235824944,2.5102736562915964,-1.5608420651817971,-1.5147636326989125,-1.244793999188303,0.3959344560989688,-1.6133317397818872,-1.2627184797381175,-1.371245959929186,1.0195922438130223,0.42620076962903236,-0.46549894791790924,-0.46538231107531525,-1.5519355441814215,0.6999725593944173,-0.48657833436844994,0.42620076962903236,0.32369908040982137,0.0,0.648885684515946,-0.6412702095741748,-0.6216101377980124,0.09635270869125528,0.45024323858023796,0.15521030398805175,0.0,-0.9321250244798597,-0.44621219225123554,-0.2342148821056438,0.1615706434383267,-0.6354247887199796,backstroke
76053,81046,1.6282157940633302,-0.5635858394100728,-0.6222406490881285,0.3671616761168557,-0.11786917774830201,0.17227038768072894,-0.3290239169967105,-0.5561109427186153,0.7367883968431196,0.7354259594413657,-0.0013209603948927907,-0.061124369083216924,0.945816403645973,0.3558850558555269,-0.5719563195319142,-0.11113513840260987,-0.07352058580274883,-0.8757621235824944,1.7023808227410915,0.7223460797017976,0.7133317798130748,-2.526436781538923,1.7302571095448411,0.7122718058269402,0.5245424397853111,0.767691782569844,-0.5997601434194296,0.012721393717437227,-1.1282366815972873,-0.9690838273690511,-0.9843558646265093,0.3016436788822756,-0.8889031397704041,0.012721393717437227,-0.3020371807721824,0.0,-1.541103500725368,0.012778952682841209,-2.1123660088048783,-0.22203036573640383,0.08696017713270192,-0.9375332815444724,0.0,-0.26473248009243766,-0.6872616289178862,-0.6271488178826558,-0.9012195770606665,-1.246752847882232,backstroke
78553,83546,1.6953897784810574,-1.316091473153653,-1.3397443006035397,-0.764758811258389,-0.045376749458001714,-1.8117617254105955,-0.863016763055706,-1.2848454825410456,0.7367883968431196,1.4760267340387383,-1.0050352839766938,-0.975173063849558,0.8076580248199798,0.6850758985185966,-0.6123581841000804,-0.9551148053940705,-0.9499722629709608,-0.11300156433322649,0.012898517118807944,2.076115799537677,2.359502307479574,-1.7878131324958915,0.6647748626138077,1.6069717120118285,1.519134747851353,2.3372445863414955,-0.5997601434194296,-0.467364383851381,-0.6136170746457651,-0.5835335961816679,-0.5629611212408624,1.9481206825509672,0.31329710912643205,-0.467364383851381,-0.7405160434935788,0.0,0.648885684515946,-0.2805100251516981,-1.3600808288070936,0.242578031277367,-1.1374707683479106,-1.0182436146611367,0.0,-0.5807872972436351,0.21326285630248532,0.7567372271973827,1.2685061445351622,-0.3824164810299553,backstroke
81056,86049,0.5172822584795013,0.008259099598026587,-0.0400923309841306,0.0717956251448101,-0.6442679603572854,-1.0012634308468762,0.3284625357630731,-0.07469693424691631,-1.3572417836583839,0.15877989375659096,-1.6739965635292104,-1.5174129985791998,-0.3131891912623435,-0.26643520496021905,-0.8144473603933414,-1.4104915332171453,-1.5506584114796367,-0.8757621235824944,-1.3772213495326397,1.3169791814568652,1.406596809048069,-0.5311086008502297,0.28153491803863256,1.4570077551474028,0.8019356647761205,1.4344522865110754,1.0195922438130223,0.027550506363363005,-0.10958851977783168,-0.1683539464569102,-1.4132192462438535,0.2771438852628691,0.31329710912643205,0.027550506363363005,-0.06517785576639538,0.0,0.648885684515946,0.24522890063074707,1.3768878183331827,0.9807548501532106,-1.0734722839964266,-0.3577164234303858,0.0,-0.259697898899026,0.6281107834852185,0.45691495399575505,0.682891359035353,0.4622005115189328,backstroke
83556,88549,-0.6284516775229955,0.08370847405767752,0.0390962034360864,-0.20471127199178213,-0.40291219511952875,-0.05818948092956805,0.1468027095551374,0.008895771830772076,-1.3572417836583839,-0.5487054442137779,-0.9670524453029037,-0.9427784536182894,0.3214710694063553,0.012965924364249596,-0.2636118245714722,-0.7660046424526548,-0.9657164921091673,-0.8757621235824944,-1.8406714844293999,0.5737368516349599,0.5473650287823898,1.7409418468343483,-0.40824511963703314,0.9433898452821233,0.6993180825966187,0.6144537585449198,1.0195922438130223,0.027198530515816617,-0.11856256377662278,-0.1760711074192832,0.3200010845089351,-0.6316929719532722,-0.03848323675333739,0.027198530515816617,-0.06770315045792549,0.0,0.648885684515946,0.2804898266917191,1.175584895004507,0.9556543611384484,-0.7331963301334496,-0.04511027451052628,0.0,0.2681981489073571,0.3248765661345719,0.44379417863146586,1.2706730137488125,-0.23687747105192236,backstroke
86059,91051,-0.7339078072523745,0.10305868091570548,0.059494762558360045,-0.186013414585939,-0.1814341180599178,-0.0664580949771295,-0.01106747999722627,0.036455903174082704,0.7367883968431196,-0.7617167004705351,0.08940523117426348,0.027438879268506147,-0.11105316143463476,-0.39091461526768134,0.1581558544380504,0.26348894636930625,0.016847659468291972,-0.8757621235824944,-0.7762466028392251,0.4682102076670403,0.4312834867375972,1.5413565611747304,-0.938326536738779,0.3572898527158485,0.7855868087046451,0.42117748946743466,1.0195922438130223,0.19523964868016996,-0.020889832655352863,-0.09144433638814162,0.6855092548550086,-0.8082970629984771,-0.634832762227371,0.19523964868016996,0.15180563530916594,0.0,0.648885684515946,-0.06814586775726833,0.19225122252690754,-0.8221594984780438,-0.7990539231504076,-1.0192783596020534,0.0,1.8026904970722775,-1.0062181490226068,-1.20702816744398,-0.8482308614952623,-0.6542084464126416,backstroke
88559,93551,-0.742361361471506,0.5970855978799724,0.5926452450618452,1.3179053996752228,-0.6298398971958868,0.08366620731281552,0.628755595606849,0.5866876022006143,0.7367883968431196,0.12332838406700442,0.6075928468369807,0.552154757813436,-0.707056049488929,-0.9188704355422577,-0.029302870508210645,0.7389032647632364,0.5294392208585901,-0.8757621235824944,0.36409756960287976,1.334474907037031,1.4277016279955468,-0.935026396671799,-0.0549948246613218,0.8619594571952497,1.3549178810739784,1.4070179146493211,-0.5997601434194296,0.9379159447725631,-0.08258967676994888,-0.1450654381901137,-1.0751408319131524,-1.0743629993841886,-0.9619517930472964,0.9379159447725631,1.0390565566366443,0.0,-1.541103500725368,-0.3551294630465801,-1.1067414213582032,-1.8577014771508749,1.9762079720768904,-0.6203006227605687,0.0,1.3510939035443146,-1.0815327489604831,-1.3203623671776805,-0.2543254779238501,-0.5054778069754191,backstroke
91061,96054,-1.1082448496197637,0.1895713713346245,0.15114078894574476,1.7403622190515455,-0.633282049594933,-0.2440549741389126,0.2817653392713233,0.16276297787074423,0.7367883968431196,1.407639190592149,-0.8758674204236675,-0.8643042042878756,-1.376315188402397,-0.5685926967092203,-0.8611953480157308,-0.6254248419779052,-0.8436306888902303,-0.11300156433322649,0.3113368904683146,1.1945638882368756,1.2600599415914266,-1.2459055696549957,0.21998246878250738,0.8619594571952497,1.0975775871574671,1.2379998778851573,-2.219112530651883,0.24368544054344454,0.229500383559993,0.13187805088655533,-1.0526370616662644,-1.5053671608988797,-0.3465874602233545,0.24368544054344454,0.270196857936324,0.0,0.648885684515946,1.0125832888492912,1.1253075770404206,-0.15344972106499694,-0.5653513081438852,-0.5635655085300117,0.0,0.3890517703060663,0.12396206116848428,0.12388996293320455,-0.14739303511694749,0.5025937142594517,backstroke
93561,98554,-1.3707545400578167,-0.8426205977712302,-0.8947339749412383,1.4488950087342958,-0.5399371371381042,-1.3383163255174104,-0.6552815390484628,-0.8851399547432909,0.7367883968431196,1.19929113155814,-1.4874539576471681,-1.371592437868933,-0.4010320693629294,0.23979533707091996,-1.5176554948532635,-1.324803786979122,-1.3676173747559552,-0.8757621235824944,-0.7163606560848915,0.024556408221647594,-0.040659049726064864,-0.9938934216407875,0.1804357855994054,0.1118030962122221,-0.13945919650314456,-0.05431087648147299,-0.5997601434194296,-0.935813061947085,-0.15345290520030275,-0.20596281885901693,0.42977095698739365,-1.0114923841152375,-0.24252390840058377,-0.935813061947085,-1.1453746165530405,0.0,0.648885684515946,0.5286526216792934,1.644722196905341,0.27565012876532097,-1.3283619590059388,-0.971799906652092,0.0,0.0996109475058169,0.13963778404609814,0.07705025424945258,-0.7858477135455858,0.30267888097716267,backstroke
96064,101058,-0.8995075244025525,-0.39049677466812494,-0.4493960576251316,0.17582328831638594,-0.4094288580925109,-0.7006685687334865,-0.29908380962737785,-0.47578082794886734,-1.3572417836583839,-0.0073671217868743555,-0.7426849697073501,-0.747898591920026,0.49890200377807514,0.25842441037589803,-0.9016692999376232,-0.7881742731948095,-0.7777524139265538,-0.8757621235824944,-0.7104419581037237,0.33507460901428743,0.28692932723229375,-0.07507934749924226,0.013846257205218026,0.6992173038375029,0.17467975663935767,0.27379458355146763,-0.5997601434194296,-0.40993485751205677,-0.028811546650053418,-0.09835998011030359,1.0385846566842252,-0.2843547023786922,-0.14278068200193275,-0.40993485751205677,-0.5435422441760539,0.0,-1.541103500725368,-0.45723714439797447,-1.1516594691639501,-0.23571318547491335,0.44610518654086373,-0.6810744963007899,0.0,-0.6221181070535332,0.03881561335803032,0.19686524007565073,-0.2867798858186758,-0.13621145881806893,backstroke
98564,103558,0.49435380166035164,0.35013535831088155,0.3231651167616663,-0.883275527413518,-0.13129410652147788,-0.33352372569337085,0.4474115305669223,0.2986104903968575,-1.3572417836583839,-1.8803849919398283,-0.3675850088022699,-0.40864026368804146,0.9111529843452688,1.3200311101709126,0.7062169000731043,-0.38347331657179273,-0.34453324052854406,-0.11300156433322649,0.6014651290647139,0.3961988558588025,0.35291355232383015,0.20227558283338032,-0.6434381833081063,-0.20063857274521377,0.5029707617864033,0.3361399802976323,-0.5997601434194296,0.30735303866484587,-0.08118454378461937,-0.14385048652515514,-0.0899468415461537,-0.46361716471474657,-0.2959997413860662,0.30735303866484587,0.26998887856142156,0.0,0.648885684515946,-0.4409596881141447,-0.037950533904478057,0.636789607552282,0.7204121088410281,0.9469203762661329,0.0,-1.6119935192469046,0.8233486148464813,0.9114643763730049,-0.42178760346953376,1.2150301404899249,backstroke
101068,106062,1.6779276490969377,-0.8018378647220192,-0.8553807742706703,-1.4036432667439669,0.4483847790675967,-0.6504944203857826,-0.4754324695226762,-0.7883800744799438,0.7367883968431196,-0.8350886776612807,0.31313418727445913,0.25004410642714325,0.38344907735738915,-0.2762792087783293,0.7062169000731043,0.5192107160101586,0.2436699174978976,-0.8757621235824944,1.6684130293214574,-0.41923820894683883,-0.48674889780781405,0.1977491479384317,-0.3945048433612061,-0.6119117583872288,-0.27494288784411874,-0.4383082775013751,1.0195922438130223,-0.4312740032382238,-0.8872831054492721,-0.7933871700673213,0.0621667728460831,0.9758279101089454,0.022015293830590907,-0.4312740032382238,-0.7579894705334606,0.0,-1.541103500725368,-0.3973823837827542,-1.1054041554396974,-0.601945972395204,0.026442373368985743,-0.7832262894976024,0.0,-0.8974810091639989,-0.040255303403940526,0.35177558647160295,0.4646516010379704,-0.25892485098879264,backstroke
103568,108562,1.6724973978515856,-1.0985369397509381,-1.1379799848282999,-1.166723320446613,0.5871637700393291,-0.6723459887775932,-0.884436717070018,-1.0806266699018006,0.7367883968431196,1.1501299072989462,-0.02433772431574458,-0.08343573957687513,-0.4211574940265904,-1.3372172245888279,-1.3677289715841139,0.3470760681082143,-0.07573760482686744,-0.8757621235824944,1.6289847879028312,-0.5232884672677066,-0.5875737990589232,1.6089613756747057,-0.7311400684165817,-0.7243982870357799,-0.33752978102852815,-0.5429658096762057,1.0195922438130223,-0.6893923682968203,-1.3188577166664976,-1.102060436154576,0.1422959008850247,0.07592427791599435,-0.6553515237536082,-0.6893923682968203,-1.126538748112276,0.0,0.648885684515946,0.011302602287045679,-0.09035522981768589,-0.6959547834773772,0.4060856631907229,-0.5176185809313051,0.0,-0.569273957985245,-0.10590011524882063,-0.005895508191953739,-0.5576498395657316,-0.28065313727593216,backstroke
106072,111066,0.9618971528725244,0.27610757645109385,0.24354141264485193,-1.0065535035103332,0.28761578429267254,0.09443098024453743,0.18925278801080717,0.2509939270218831,0.7367883968431196,0.559275315979234,-0.54404174949161,-0.5703337484805673,-0.49751131368157664,-0.5652833359889543,-0.8797335772909431,-0.46427635806630413,-0.5912655568656374,1.4125195541653106,0.458120120477956,0.4007865880110298,0.3578859578932393,0.8759767514496207,-0.7149182525637896,0.3884961409926498,0.6633486424402293,0.3369036558773952,-0.5997601434194296,0.22727599051278152,-0.12131299666288459,-0.17843396195318703,0.4596820865385371,0.18585213230701725,0.1227093484815229,0.22727599051278152,0.16568915463882117,0.0,0.648885684515946,0.5450970258498778,0.7969212015025613,0.11773739794079217,-0.8420734517585582,0.31359657865599183,0.0,-0.7425413693610118,0.771439372793805,1.1884434086462816,1.3204026149751076,0.9329043983686199,backstroke
108572,113566,0.2005733787516302,1.0032074953013872,1.048742384762211,-1.1353359525102542,-0.12928036432167153,0.35755227113953997,1.0272371536963745,1.0357617097757497,-1.3572417836583839,0.06718355281360595,-0.21174014850657638,-0.26273510027758623,0.19366600077801804,0.3632411824311181,0.11454531249748563,-0.45882916028745657,-0.2899616070314141,2.17528011341458,-0.9257239380817088,0.14486329265218195,0.08475065470217094,0.9495361234547807,-0.9132612420922714,-0.12791344606873992,0.5089497890107563,0.08087079425472603,-0.5997601434194296,0.7367936610941038,0.24080255838414108,0.14217482664254819,0.9427020837542592,-0.3582914500783407,0.1227093484815229,0.7367936610941038,0.8680570481488441,0.0,0.648885684515946,1.0199457673796333,1.7605067281765685,0.6436492255858502,-0.3061406954950507,-0.1837402905271086,0.0,-0.4192481979470513,0.33163625946256897,0.6874558234459275,0.7056281193900501,0.8377645064657484,backstroke
111076,116070,-0.85000205936259,-0.24154417378775592,-0.2983164541677832,0.21967527955890812,-0.3999697054141716,-0.2724489278639318,-0.07781044433679316,-0.32401014443188075,-1.3572417836583839,-0.5621611975238583,0.4551436045571436,0.3944483392057744,0.3547017525990126,-0.28946264987105536,0.11454531249748563,0.32166155891992787,0.3788678298796249,1.4125195541653106,-1.6225425062247494,0.15955478920493069,0.10019623511626492,0.9038801576943786,-0.6835551920702241,-0.21183349472807364,0.32692624926549574,0.14538930439741185,1.0195922438130223,0.030190889274394776,-0.5041715425194293,-0.49654044309951834,1.4564453693504935,0.9427468118554145,-0.611968691616501,0.030190889274394776,-0.15215138467853057,0.0,-1.541103500725368,0.7346179639317629,-0.5583010372293244,0.026424180297504242,-0.3425834875782071,-0.6291660115609774,0.0,1.6524824825575328,-1.3233045095846618,-1.4356792699663161,-1.1612735289411216,-1.054008276271734,backstroke
113576,118570,-1.3228588473334975,-0.9695123926357795,-1.0161411665916602,1.3957679334596422,-0.6885942329303186,-1.624910933329006,-0.6900362378768937,-1.0163414348342459,0.7367883968431196,-0.9214346253260528,-0.35535514571599774,-0.39729552027922155,-0.024277606202373268,-0.7376277099348351,-1.4628638143410595,-0.30953748512123774,-0.4030862274318972,0.6497589949160427,-0.33452595726953516,0.5845230337405887,0.5593128869138726,-0.07654202695873827,-0.6856980499674492,-0.24678988765769433,0.7020689214498831,0.5359814764206215,-0.5997601434194296,-0.5559092789667621,-0.7006379991289063,-0.6514516196233687,-0.3152176473751396,0.10527437338612479,-0.6689264245864305,-0.5559092789667621,-0.8569654995636729,0.0,-1.541103500725368,-1.9877931095979156,-1.4730939987937093,0.5436420446848401,-1.0813730097104197,-1.0554026969098984,0.0,1.6940275526102102,-0.9219840830273052,-1.1376421727577999,-0.485256621843204,-0.78619398176653,backstroke
116080,121073,-0.8718004488887398,0.6430788838354146,0.6434911344438192,0.15504354916780438,-0.4641183255577388,0.011276338028414646,0.6369068282443527,0.6486916451619568,0.7367883968431196,0.549332348865693,-1.0903504151211698,-1.0473067103234268,-1.149028535355541,-0.6036824958954037,-1.340777237021981,-0.929814920805402,-1.0710074408129275,-0.11300156433322649,0.0871360614748228,0.052874323118030454,-0.011312013126922659,-0.14934534633403362,-0.6357264042243012,-0.4681992890221355,0.266281314908756,-0.03878257357429033,-0.5997601434194296,0.25309954370374166,0.28316118370084525,0.18093168806878274,0.31129600128728446,-0.09546854221154445,0.4106803031579064,0.25309954370374166,0.2947826349393538,0.0,-1.541103500725368,-0.47976344484730127,-0.7372117382862445,0.14070379266143204,-0.43193990336217264,-0.7396473886209128,0.0,1.4536534511982866,-0.9947547711678038,-1.1553108466982511,-0.4790579880057293,-0.6684630554467921,backstroke
118580,123573,-0.9284197562310033,0.6480416478704314,0.6489898259596439,0.4390362080906821,-0.3960946753640499,0.09941310767778677,0.5457883208341615,0.6590596362636544,0.7367883968431196,1.487722695349974,-1.3674503594419851,-1.2755841074383152,-1.6067965639844792,-0.23782384363662828,-1.2116226286353466,-1.0625851604534577,-1.2510509901792692,-0.11300156433322649,-0.9809933302479196,0.474224644175821,0.43785997929339115,0.0244135205461098,-0.7248552428048907,-0.4629735151276702,0.6538646004179608,0.43769704377384766,-0.5997601434194296,0.3777812254547548,0.06442569893416963,-0.01638202757999605,0.923879846330175,-0.5064470293406065,-0.47803581088390357,0.3777812254547548,0.3888861372548207,0.0,0.648885684515946,-0.2955712773210635,1.6197960883070723,1.4440503211012006,-0.6195435728059814,0.07142286350698267,0.0,0.33921158531396994,-0.6215087846996029,-0.6321065594413569,-0.8793413846298443,-0.5280710556178427,backstroke
121083,126076,-1.002419642298927,-0.07823129899599376,-0.13018658388453516,1.65370103212369,-0.4325138030596645,-0.20004764228989225,-0.15450238908524772,-0.13764085018068617,0.7367883968431196,0.788371101794287,-1.0127826076610942,-0.9817593606695648,0.18055237084022652,0.10578019839004874,-1.1003916402060345,-1.0879721527449424,-0.9968687881230743,-0.8757621235824944,-0.9376513045595051,1.079645005116921,1.1242973299260868,0.18642527636858605,-1.086194595058419,-0.4956428591583978,1.2936021583227828,1.123410739693388,-0.5997601434194296,0.07790566686283792,-0.3682321692217357,-0.3860480207033932,-0.11308150137844358,-1.6668120644135749,-1.0562296532161743,0.07790566686283792,-0.06637972154973756,0.0,0.648885684515946,-0.3075432727600532,0.1851767596644077,1.0606274788023804,-0.7255141906005842,-0.37842154573984604,0.0,-0.2047663771474241,-0.4146842554595711,-0.308309070173577,-0.36761518467266624,-0.03590749549064347,backstroke
123583,128576,0.01200289859565126,-0.4984512950388533,-0.5575407292080669,0.7625573421543715,-0.3951900110399379,-0.4248594003781926,-0.5249749632498092,-0.6228841593152759,-1.3572417836583839,-2.076520681410293,-1.422200028207341,-1.3196001230471508,1.1425981434175225,1.3894359153193394,-1.1003916402060345,-1.416754327663732,-1.2400491334242274,-0.8757621235824944,0.5245136665849982,0.6536807894784382,0.636283979515567,0.20497816409464503,-0.825938916116666,-0.41611810866874516,0.7710117307476285,0.6177523281377423,-0.5997601434194296,-0.4248107021153894,-0.6294723008426911,-0.5959908247081207,-0.10321077387700156,-1.5685759245303417,-1.5446134210454574,-0.4248107021153894,-0.6966400708488173,0.0,-1.541103500725368,-1.0656382319323594,-1.6786301535366595,0.10425598952249089,-0.30627897838943563,-0.8298321852719346,0.0,-0.825302329450018,-0.07086895608101704,0.2711245778883161,0.15190430139516023,-0.647273571297343,backstroke
126086,131079,1.4622536253300886,-1.7657753237721514,-1.7421694980053177,-0.9861487521415967,0.37306553817829036,-2.160589498414678,-1.5608449045424206,-1.7360132803023924,-1.3572417836583839,-1.586358713772857,-1.0764624286463764,-1.0356238280800603,2.7102276462659267,3.71817144543969,0.050932092272285075,-1.3526371944283369,-1.0013082726747888,-0.8757621235824944,2.725535035831369,-0.56837679390813,-0.6308205146467654,0.631636952580468,0.028020216519529566,-0.393973614297514,-0.4526043844704834,-0.4540709192780273,-0.5997601434194296,-1.3587726678360523,-1.803832851804296,-1.416405669584072,-0.07103257588616352,-0.3725883990600298,-2.1116261586729546,-1.3587726678360523,-1.9173300993366604,0.0,-1.541103500725368,-0.5536367038661896,-2.1310138149936413,-0.10282383217392456,0.6044851406540126,-0.8609376450371311,0.0,-0.9800085988663052,-0.6302304285241148,-0.37027883468612477,-0.6750507531698228,-1.497230545072004,backstroke
128586,133579,1.9749535361281825,-2.417706134225915,-2.2905922774733583,-2.7495024472147165,1.918288165152258,-1.8655221258721173,-2.088705813105084,-2.2147380419634755,0.7367883968431196,1.5486277830186355,-0.14019627519987155,-0.19478072933128288,2.1734087414936756,1.453340992191316,0.050932092272285075,-0.7442963249654146,-0.15982915973999368,-0.11300156433322649,1.492104702050176,0.24389357352712265,0.18941537647351378,-0.32497007460619154,0.3784931511049119,0.40720400476255914,0.048850988301043646,0.22396571315261055,-0.5997601434194296,-1.3958197883647319,-1.7409862059441212,-1.3776114827671144,1.1910228878351101,0.28495667254617696,-2.142918702462592,-1.3958197883647319,-1.9443488369554458,0.0,-1.541103500725368,-2.1158860846335013,-0.7372876360918433,1.5699700204000753,-0.664249125764748,-0.43714980377145096,0.0,-0.9886547369391144,-0.6479688012489101,-0.1037000573980162,-0.6961571913275298,-1.498301671725687,backstroke
131089,136083,0.6870401184817292,-1.6784061161333703,-1.6655246498048364,-1.6493204434593032,0.2625688401280445,-2.1761146227065074,-1.3524492968195374,-1.7400097726113473,-1.3572417836583839,0.7061238783298934,-0.567302069454463,-0.5913699985894675,1.754945669121819,1.0710466722567837,-0.7675851165500763,-0.8705265202948449,-0.6076189352405981,1.4125195541653106,-1.54133769244067,2.107707888145865,2.4008075302505785,-0.8838458588955129,-0.20324872451001386,1.0665644791628328,1.8652265131207328,2.4441698343345193,-0.5997601434194296,-0.687489847999815,-0.8338465348715679,-0.7532717567341145,1.7459458850051521,-0.00910886801580131,-1.1294340233342754,-0.687489847999815,-1.0287835128606182,0.0,-1.541103500725368,0.44759670626360143,-0.8179613779922027,0.4549422669712427,-0.809535029826783,-0.7800553385767485,0.0,0.260386543148134,-1.012387909575972,-0.5811612285443827,-1.0695816685799995,-1.5039297648569931,backstroke
133589,138583,-0.31930389253890007,-0.957121887982423,-1.0043553432035148,0.7594346438004874,-0.536221170619937,-1.3015299817760326,-0.7372996962830853,-1.0798447420308044,-1.3572417836583839,-0.8166280266478072,-1.0136116252065674,-0.9824637147886744,1.4924777015793464,0.34338270018258754,-1.9394090465182101,-1.0050705196591843,-0.9960544860119811,1.4125195541653106,-1.2049108616874011,1.8496618737243768,2.0672821118228835,-1.1179642098276756,0.04733762224734755,1.3650458791453677,1.4958370067661348,2.0843626022893336,-0.5997601434194296,-0.451114186680562,-0.241642772002852,-0.2807238515419201,-0.038025440662045135,-0.9397730475798153,-0.3975068562011535,-0.451114186680562,-0.6394038326998518,0.0,0.648885684515946,-0.18332665692048056,0.19465526567931174,1.2145221452825206,-1.60118428014503,-0.9708356259638401,0.0,2.078853206100731,-1.1570900444831813,-1.1959253228764841,-0.6259772089459545,-1.5472694995208018,backstroke
